{"text": " .", "segments": [{"id": 0, "seek": 0, "start": 0.0, "end": 20.14, "text": " .", "tokens": [50364, 2411, 51371], "temperature": 1.0, "avg_logprob": -2.055389881134033, "compression_ratio": 0.1111111111111111, "no_speech_prob": 0.32158228754997253}], "language": "nn"}